price,vin,stock,model,body,exterior,interior,engine,location
" $18,367",3MYDLBYV6LY711928,LY711928,6262,Sedan,Silver,Gray,Regular Unleaded I-4 1.5 L/91,Baierl Toyota
" $21,952",JTDHPRAE5LJ069715,LJ069715,1852,Sedan,Gray,Light Gray,Regular Unleaded I-4 1.8 L/110,Baierl Toyota
" $22,323",JTND4RBE7L3080415,L3080415,6276,Hatchback,Silver,Black,Regular Unleaded I-4 2.0 L/121,Baierl Toyota
" $21,953",JTDHPRAE6LJ073157,LJ073157,1852,Sedan,Black,Light Gray,Regular Unleaded I-4 1.8 L/110,Baierl Toyota
" $22,400",JTND4RBE0L3074441,L3074441,6276,Hatchback,White,Black,Regular Unleaded I-4 2.0 L/121,Baierl Toyota
" $21,953",JTDHPRAE4LJ073206,LJ073206,1852,Sedan,Gray,Black,Regular Unleaded I-4 1.8 L/110,Baierl Toyota
" $23,005",5YFS4RCE3LP042732,LP042732,1864,Sedan,Black,Black,Regular Unleaded I-4 2.0 L/121,Baierl Toyota
" $21,851",NMTKHMBX4LR105191,LR105191,2402,Sport Utility,Gray,Black,Regular Unleaded I-4 2.0 L/121,Baierl Toyota
" $18,409",3MYDLBJV9LY709309,LY709309,1466,Hatchback,Blue,Blue Black,Regular Unleaded I-4 1.5 L/91,Baierl Toyota
" $18,409",3MYDLBYV4LY708350,LY708350,6262,Sedan,Gray,Blue Black,Regular Unleaded I-4 1.5 L/91,Baierl Toyota
" $20,173",5YFEPRAE3LP057156,LP057156,1852,Sedan,Blue,Light Gray,Regular Unleaded I-4 1.8 L/110,Baierl Toyota
" $20,173",JTDEPRAE4LJ070633,LJ070633,1852,Sedan,Red,Macadamia,Regular Unleaded I-4 1.8 L/110,Baierl Toyota
" $20,338",5YFEPRAE1LP066227,LP066227,1852,Sedan,Blue,Light Gray,Regular Unleaded I-4 1.8 L/110,Baierl Toyota
" $21,952",JTDHPRAE7LJ067741,LJ067741,1852,Sedan,Blue,Light Gray,Regular Unleaded I-4 1.8 L/110,Baierl Toyota
" $18,409",3MYDLBJV0LY704547,LY704547,1466,Hatchback,Gray,Blue Black,Regular Unleaded I-4 1.5 L/91,Baierl Toyota
" $26,345",JTNC4RBEXL3083739,L3083739,6274,Hatchback,Black,Black,Regular Unleaded I-4 2.0 L/121,Baierl Toyota
" $26,106",JTDKARFUXL3107418,L3107418,1223,Hatchback,Red,Black,Gas/Electric I-4 1.8 L/110,Baierl Toyota
" $26,349",4T1G11AK5LU362514,LU362514,2536,Sedan,Black,Black,Regular Unleaded I-4 2.5 L/152,Baierl Toyota
" $26,594",JTDT4RCE8LJ021805,LJ021805,1866,Sedan,Blue,Black,Regular Unleaded I-4 2.0 L/121,Baierl Toyota
" $26,302",4T1G11AK6LU355250,LU355250,2536,Sedan,White,Black,Regular Unleaded I-4 2.5 L/152,Baierl Toyota
" $26,353",4T1G11AK3LU350751,LU350751,2536,Sedan,White,Black,Regular Unleaded I-4 2.5 L/152,Baierl Toyota
" $23,308",JTDEBRBE2LJ025137,LJ025137,1882,Sedan,Gray,Light Gray,Gas/Electric I-4 1.8 L/110,Baierl Toyota
" $25,939",4T1L11AK8LU935503,LU935503,2532,Sedan,Black,Ash,Regular Unleaded I-4 2.5 L/152,Baierl Toyota
" $25,660",4T1G11AK4LU343985,LU343985,2546,Sedan,Blue,Black,Regular Unleaded I-4 2.5 L/152,Baierl Toyota
" $25,882",4T1L11AK7LU951174,LU951174,2532,Sedan,White,Ash,Regular Unleaded I-4 2.5 L/152,Baierl Toyota
" $25,728",JTDKARFUXL3105989,L3105989,1223,Hatchback,Black,Harvest Beige,Gas/Electric I-4 1.8 L/110,Baierl Toyota
" $23,479",JTDEBRBE7LJ029006,LJ029006,1882,Sedan,White,Light Gray,Gas/Electric I-4 1.8 L/110,Baierl Toyota
" $25,728",JTDKARFU5L3106774,L3106774,1223,Hatchback,Black,Moonstone,Gas/Electric I-4 1.8 L/110,Baierl Toyota
" $24,534",JTDKARFU4L3118639,L3118639,1221,Hatchback,Silver,Black,Gas/Electric I-4 1.8 L/110,Baierl Toyota
" $24,719",4T1C11AK7LU343560,LU343560,2532,Sedan,Blue,Black,Regular Unleaded I-4 2.5 L/152,Baierl Toyota
" $28,550",2T3G1RFV1LW085899,LW085899,4432,Sport Utility,White,Black,Regular Unleaded I-4 2.5 L/152,Baierl Toyota
" $28,620",JTMG1RFV4LD051081,LD051081,4432,Sport Utility,Gray,Black,Regular Unleaded I-4 2.5 L/152,Baierl Toyota
" $29,084",JTMP1RFV0LJ025580,LJ025580,4442,Sport Utility,Gray,Black,Regular Unleaded I-4 2.5 L/152,Baierl Toyota
" $27,566",4T1M11AKXLU317670,LU317670,2546,Sedan,Gray,Black,Regular Unleaded I-4 2.5 L/152,Baierl Toyota
" $29,486",4T1K61AKXLU936147,LU936147,2548,Sedan,Gray,Cockpit Red,Regular Unleaded I-4 2.5 L/152,Baierl Toyota
" $29,255",2T3P1RFV9LW102268,LW102268,4442,Sport Utility,Gray,Black,Regular Unleaded I-4 2.5 L/152,Baierl Toyota
" $28,352",2T3G1RFV5LW089468,LW089468,4432,Sport Utility,Gray,Black,Regular Unleaded I-4 2.5 L/152,Baierl Toyota
" $27,738",4T1M11AK4LU949399,LU949399,2546,Sedan,Gray,Black,Regular Unleaded I-4 2.5 L/152,Baierl Toyota
" $28,043",4T1C31AKXLU522542,LU522542,2559,Sedan,White,Ash,Gas/Electric I-4 2.5 L/152,Baierl Toyota
" $28,024",2T3F1RFVXLW092782,LW092782,4432,Sport Utility,Silver,Black,Regular Unleaded I-4 2.5 L/152,Baierl Toyota
" $28,024",2T3F1RFV2LW087821,LW087821,4432,Sport Utility,White,Black,Regular Unleaded I-4 2.5 L/152,Baierl Toyota
" $27,944",4T1C31AK8LU522099,LU522099,2559,Sedan,White,Ash,Gas/Electric I-4 2.5 L/152,Baierl Toyota
" $27,630",4T1M11AK9LU920433,LU920433,2546,Sedan,Black,Ash,Regular Unleaded I-4 2.5 L/152,Baierl Toyota
" $27,630",4T1M11AK6LU951171,LU951171,2546,Sedan,White,Black,Regular Unleaded I-4 2.5 L/152,Baierl Toyota
" $27,630",4T1M11AK5LU938685,LU938685,2546,Sedan,Silver,Ash,Regular Unleaded I-4 2.5 L/152,Baierl Toyota
" $30,480",2T3P1RFV5LW113302,LW113302,4442,Sport Utility,Blue,Light Gray,Regular Unleaded I-4 2.5 L/152,Baierl Toyota
" $30,132",2T3MWRFV7LW083868,LW083868,4435,Sport Utility,Black,Black,Gas/Electric I-4 2.5 L/152,Baierl Toyota
" $29,486",4T1K61AK2LU936448,LU936448,2548,Sedan,Black,Black,Regular Unleaded I-4 2.5 L/152,Baierl Toyota
" $30,457",4T1E31AK9LU532049,LU532049,2559,Sedan,Gray,Black,Gas/Electric I-4 2.5 L/152,Baierl Toyota
" $30,161",2T3MWRFV3LW054304,LW054304,4435,Sport Utility,White,Black,Gas/Electric I-4 2.5 L/152,Baierl Toyota
" $30,340",2T3P1RFV8LC087490,LC087490,4442,Sport Utility,Silver,Light Gray,Regular Unleaded I-4 2.5 L/152,Baierl Toyota
" $30,309",JTMP1RFV6LJ026636,LJ026636,4442,Sport Utility,Silver,Light Gray,Regular Unleaded I-4 2.5 L/152,Baierl Toyota
" $30,099",JTMP1RFV6LD050157,LD050157,4442,Sport Utility,Silver,Black,Regular Unleaded I-4 2.5 L/152,Baierl Toyota
" $30,132",2T3MWRFV2LW076634,LW076634,4435,Sport Utility,Gray,Black,Gas/Electric I-4 2.5 L/152,Baierl Toyota
" $30,084",JTMMWRFV9LD534778,LD534778,4435,Sport Utility,Silver,Black,Gas/Electric I-4 2.5 L/152,Baierl Toyota
" $30,034",4T1K61AK7LU353146,LU353146,2548,Sedan,Red,Black,Regular Unleaded I-4 2.5 L/152,Baierl Toyota
" $30,034",4T1K61AK0LU938277,LU938277,2548,Sedan,White,Black,Regular Unleaded I-4 2.5 L/152,Baierl Toyota
" $29,656",4T1K61AK5LU933091,LU933091,2548,Sedan,Silver,Cockpit Red,Regular Unleaded I-4 2.5 L/152,Baierl Toyota
" $29,985",2T3MWRFV3LW081339,LW081339,4435,Sport Utility,Gray,Black,Gas/Electric I-4 2.5 L/152,Baierl Toyota
" $29,486",4T1K61AK8LU936809,LU936809,2548,Sedan,Blue,Ash,Regular Unleaded I-4 2.5 L/152,Baierl Toyota
" $32,731",2T3A1RFV9LW093254,LW093254,4478,Sport Utility,Blue,Light Gray,Regular Unleaded I-4 2.5 L/152,Baierl Toyota
" $30,556",4T1E31AK5LU012513,LU012513,2559,Sedan,White,Macadamia,Gas/Electric I-4 2.5 L/152,Baierl Toyota
" $32,917",2T3RWRFV6LW081793,LW081793,4444,Sport Utility,Silver,Black,Gas/Electric I-4 2.5 L/152,Baierl Toyota
" $32,885",2T3RWRFV5LW078917,LW078917,4444,Sport Utility,Black,Black,Gas/Electric I-4 2.5 L/152,Baierl Toyota
" $32,697",3TMCZ5AN9LM341036,LM341036,7594,SR Double Cab 5' Bed V6 AT,Gray,Cement,Regular Unleaded V-6 3.5 L/211,Baierl Toyota
" $32,731",2T3A1RFV4LW091590,LW091590,4478,Sport Utility,Gray,Light Gray,Regular Unleaded I-4 2.5 L/152,Baierl Toyota
" $31,304",2T3P1RFV9LW113027,LW113027,4442,Sport Utility,Gray,Black,Regular Unleaded I-4 2.5 L/152,Baierl Toyota
" $31,212",2T3P1RFV8LW111933,LW111933,4442,Sport Utility,Black,Black,Regular Unleaded I-4 2.5 L/152,Baierl Toyota
" $31,164",JTMP1RFV7LD059305,LD059305,4442,Sport Utility,Silver,Light Gray,Regular Unleaded I-4 2.5 L/152,Baierl Toyota
" $31,157",2T3P1RFV2LC090076,LC090076,4442,Sport Utility,Silver,Light Gray,Regular Unleaded I-4 2.5 L/152,Baierl Toyota
" $31,159",4T1K61AK4LU365125,LU365125,2548,Sedan,Wind Chill Pearl,Black,Regular Unleaded I-4 2.5 L/152,Baierl Toyota
" $31,047",4T1NZ1AK9LU037168,LU037168,2550,Sedan,Celestial Silver,BLACK/RED,Regular Unleaded V-6 3.5 L/211,Baierl Toyota
" $30,718",2T3P1RFV1LW113961,LW113961,4442,Sport Utility,Red,Black,Regular Unleaded I-4 2.5 L/152,Baierl Toyota
" $31,164",2T3P1RFV8LW111317,LW111317,4442,Sport Utility,Blue,Black,Regular Unleaded I-4 2.5 L/152,Baierl Toyota
" $30,877",2T3RWRFV2LW078910,LW078910,4444,Sport Utility,White,Black,Gas/Electric I-4 2.5 L/152,Baierl Toyota
" $35,411",3TYSZ5AN9LT000025,LT000025,7559,TRD Sport Access Cab 6' Bed V6 MT,White,Cement,Regular Unleaded V-6 3.5 L/211,Baierl Toyota
" $35,602",JTMEWRFV9LJ034707,LJ034707,4456,Sport Utility,Magnetic Gray Metallic,Black,Gas/Electric I-4 2.5 L/152,Baierl Toyota
" $35,396",3TMCZ5AN2LM339015,LM339015,7540,SR5 Double Cab 5' Bed V6 AT,White,Cement,Regular Unleaded V-6 3.5 L/211,Baierl Toyota
" $35,467",JTMA1RFV5LJ034216,LJ034216,4478,Sport Utility,Silver,Black,Regular Unleaded I-4 2.5 L/152,Baierl Toyota
" $35,483",JTMEWRFV8LJ042426,LJ042426,4456,Sport Utility,Magnetic Gray Metallic,Black,Gas/Electric I-4 2.5 L/152,Baierl Toyota
" $32,943",JTMA1RFV6LJ034998,LJ034998,4478,Sport Utility,Black,Black,Regular Unleaded I-4 2.5 L/152,Baierl Toyota
" $35,336",JTMEWRFV3LJ036498,L149EC58,4456,Sport Utility,Silver Sky Metallic,Black,Gas/Electric I-4 2.5 L/152,Baierl Toyota
" $35,026",2T3J1RFV0LC063593,LC063593,4448,Sport Utility,White,Black,Regular Unleaded I-4 2.5 L/152,Baierl Toyota
" $33,096",3TYSZ5AN3LT001297,LT001297,7552,SR Access Cab 6' Bed V6 AT,Gray,Cement,Regular Unleaded V-6 3.5 L/211,Baierl Toyota
" $34,509",4T1F31AK8LU532824,LU532824,2560,Sedan,Silver,Ash,Gas/Electric I-4 2.5 L/152,Baierl Toyota
" $35,396",3TMCZ5AN2LM339807,LM339807,7540,SR5 Double Cab 5' Bed V6 AT,Gray,Cement,Regular Unleaded V-6 3.5 L/211,Baierl Toyota
" $34,282",5TDKZ3DC5LS041519,LS041519,5338,Mini-Van,Green,Ash,Regular Unleaded V-6 3.5 L/211,Baierl Toyota
" $33,073",JTMRWRFV2LD056385,LD056385,4444,Sport Utility,Blue,Black,Gas/Electric I-4 2.5 L/152,Baierl Toyota
" $32,950",2T3RWRFV7LW086081,LW086081,4444,Sport Utility,Red,Black,Gas/Electric I-4 2.5 L/152,Baierl Toyota
" $33,073",JTMRWRFV8LD055001,LD055001,4444,Sport Utility,Blue,Black,Gas/Electric I-4 2.5 L/152,Baierl Toyota
" $35,901",3TMDZ5BN1LM092170,LM092170,7570,SR5 Double Cab 6' Bed V6 AT,Gray,Cement,Regular Unleaded V-6 3.5 L/211,Baierl Toyota
" $36,537",3TMCZ5AN3LM305147,LM305147,7542,TRD Sport Double Cab 5' Bed V6 AT,Silver,Cement,Regular Unleaded V-6 3.5 L/211,Baierl Toyota
" $36,969",3TMCZ5AN5LM312200,LM312200,7544,TRD Off Road Double Cab 5' Bed V6 AT,Black,Cement,Regular Unleaded V-6 3.5 L/211,Baierl Toyota
" $36,537",3TMCZ5AN2LM303311,LM303311,7542,TRD Sport Double Cab 5' Bed V6 AT,Silver,Cement,Regular Unleaded V-6 3.5 L/211,Baierl Toyota
" $36,968",3TMCZ5AN6LM298906,LM298906,7544,TRD Off Road Double Cab 5' Bed V6 AT,Tan,Cement,Regular Unleaded V-6 3.5 L/211,Baierl Toyota
" $36,918",5TDJZ3DC0LS243969,LS243969,5366,Mini-Van,Blue,Ash,Regular Unleaded V-6 3.5 L/211,Baierl Toyota
" $36,969",3TMCZ5AN5LM302637,LM302637,7544,TRD Off Road Double Cab 5' Bed V6 AT,Tan,Cement,Regular Unleaded V-6 3.5 L/211,Baierl Toyota
" $36,497",4T1EZ1FB9LU042668,LU042668,3547,Sedan,Black,Black,Regular Unleaded V-6 3.5 L/211,Baierl Toyota
" $35,972",3TMCZ5AN6LM339793,LM339793,7540,SR5 Double Cab 5' Bed V6 AT,Gray,Cement,Regular Unleaded V-6 3.5 L/211,Baierl Toyota
" $36,356",5TFCZ5AN5LX219252,LX219252,7545,TRD Off Road Double Cab 5' Bed V6 MT,White,Cement,Regular Unleaded V-6 3.5 L/211,Baierl Toyota
" $36,345",4T1KZ1AK5LU037915,LU037915,2550,Sedan,Wind Chill Pearl,Black,Regular Unleaded V-6 3.5 L/211,Baierl Toyota
" $36,332",3TMCZ5AN2LM308878,LM308878,7542,TRD Sport Double Cab 5' Bed V6 AT,White,Cement,Regular Unleaded V-6 3.5 L/211,Baierl Toyota
" $35,972",3TMCZ5ANXLM342180,LM342180,7540,SR5 Double Cab 5' Bed V6 AT,White,Cement,Regular Unleaded V-6 3.5 L/211,Baierl Toyota
" $36,324",3TMCZ5AN0LM291031,LM291031,7542,TRD Sport Double Cab 5' Bed V6 AT,Tan,Cement,Regular Unleaded V-6 3.5 L/211,Baierl Toyota
" $36,226",2T3N1RFV6LW086781,LW086781,4452,Sport Utility,Red,Black,Regular Unleaded I-4 2.5 L/152,Baierl Toyota
" $37,921",2T3EWRFV2LW076976,LW076976,4456,Sport Utility,Silver Sky Metallic,Black,Gas/Electric I-4 2.5 L/152,Baierl Toyota
" $37,820",3TMCZ5AN4LM338948,LM338948,7544,TRD Off Road Double Cab 5' Bed V6 AT,Blue,Cement,Regular Unleaded V-6 3.5 L/211,Baierl Toyota
" $37,205",3TMCZ5AN5LM298878,LM298878,7544,TRD Off Road Double Cab 5' Bed V6 AT,Black,Black/Orange,Regular Unleaded V-6 3.5 L/211,Baierl Toyota
" $37,921",2T3EWRFVXLW078376,LW078376,4456,Sport Utility,Silver Sky Metallic,Black,Gas/Electric I-4 2.5 L/152,Baierl Toyota
" $38,029",JTMEWRFV7LJ039954,LJ039954,4456,Sport Utility,Magnetic Gray Metallic,Black,Gas/Electric I-4 2.5 L/152,Baierl Toyota
" $38,042",JTMDWRFV2LD058860,LD058860,4454,Sport Utility,White,Light Gray,Gas/Electric I-4 2.5 L/152,Baierl Toyota
" $37,853",JTMDWRFV1LD060566,LD060566,4454,Sport Utility,Gray,Light Gray,Gas/Electric I-4 2.5 L/152,Baierl Toyota
" $37,686",3TMCZ5AN8LM342792,LM342792,7544,TRD Off Road Double Cab 5' Bed V6 AT,Gray,Cement,Regular Unleaded V-6 3.5 L/211,Baierl Toyota
" $37,650",3TMDZ5BN5LM080278,LM080278,7566,TRD Sport Double Cab 6' Bed V6 AT,Black,Cement,Regular Unleaded V-6 3.5 L/211,Baierl Toyota
" $37,409",3TMCZ5AN6LM326638,LM326638,7542,TRD Sport Double Cab 5' Bed V6 AT,Silver,Black/Orange,Regular Unleaded V-6 3.5 L/211,Baierl Toyota
" $37,254",2T3EWRFVXLW076126,LW076126,4456,Sport Utility,Magnetic Gray Metallic,Black,Gas/Electric I-4 2.5 L/152,Baierl Toyota
" $37,541",3TYSZ5AN9LT001093,LT001093,7560,TRD Sport Access Cab 6' Bed V6 AT,Silver,Cement,Regular Unleaded V-6 3.5 L/211,Baierl Toyota
" $37,686",3TMCZ5AN0LM342821,LM342821,7544,TRD Off Road Double Cab 5' Bed V6 AT,White,Cement,Regular Unleaded V-6 3.5 L/211,Baierl Toyota
" $37,580",3TMCZ5ANXLM315500,LM315500,7544,TRD Off Road Double Cab 5' Bed V6 AT,Gray,Cement,Regular Unleaded V-6 3.5 L/211,Baierl Toyota
" $37,248",3TMCZ5AN7LM299370,LM299370,7542,TRD Sport Double Cab 5' Bed V6 AT,Gray,Cement,Regular Unleaded V-6 3.5 L/211,Baierl Toyota
" $40,228",2T3DWRFV6LW059352,LW059352,4454,Sport Utility,Gray,Light Gray,Gas/Electric I-4 2.5 L/152,Baierl Toyota
" $40,132",JTEBU5JR3L5773572,L5773572,8670,Sport Utility,Gray,Black/Graphite,Regular Unleaded V-6 4.0 L/241,Baierl Toyota
" $39,661",JTMDWRFV0LD057612,LD057612,4454,Sport Utility,Gray,Black,Gas/Electric I-4 2.5 L/152,Baierl Toyota
" $39,985",JTEBU5JRXL5737605,L5737605,8670,Sport Utility,Red,Black/Graphite,Regular Unleaded V-6 4.0 L/241,Baierl Toyota
" $40,170",5TFUY5F1XLX904621,LX904621,8341,Double Cab,Black,Graphite,Regular Unleaded V-8 5.7 L/346,Baierl Toyota
" $39,892",4T1E21FB6LU016579,LU016579,3507,Sedan,Red,Black,Gas/Electric I-4 2.5 L/152,Baierl Toyota
" $38,053",JTMEWRFV2LJ037884,LJ037884,4456,Sport Utility,Silver Sky Metallic,Black,Gas/Electric I-4 2.5 L/152,Baierl Toyota
" $38,342",5TDBZRBH0LS018067,LS018067,6948,Sport Utility,Gold,Black,Regular Unleaded V-6 3.5 L/211,Baierl Toyota
" $38,265",2T3N1RFV1LW093086,LW093086,4452,Sport Utility,Black,Black,Regular Unleaded I-4 2.5 L/152,Baierl Toyota
" $39,087",3TMCZ5AN3LM300028,LM300028,7544,TRD Off Road Double Cab 5' Bed V6 AT,Tan,Cement,Regular Unleaded V-6 3.5 L/211,Baierl Toyota
" $38,299",JTMEWRFVXLJ040242,LJ040242,4456,Sport Utility,Blizzard Pearl,Black,Gas/Electric I-4 2.5 L/152,Baierl Toyota
" $38,757",JTEBU5JR5L5743666,L5743666,8664,Sport Utility,Gray,Black/Graphite,Regular Unleaded V-6 4.0 L/241,Baierl Toyota
" $38,610",3TMDZ5BN6LM088311,LM088311,7568,TRD Off Road Double Cab 6' Bed V6 AT,Gray,Cement,Regular Unleaded V-6 3.5 L/211,Baierl Toyota
" $38,567",5TDBZRBH5LS006092,LS006092,6948,Sport Utility,Gray,Gray,Regular Unleaded V-6 3.5 L/211,Baierl Toyota
" $38,163",2T3DWRFV4LW058197,LW058197,4454,Sport Utility,White,Nutmeg,Gas/Electric I-4 2.5 L/152,Baierl Toyota
" $40,692",5TDYZ3DC6LS039269,LS039269,5349,Mini-Van,Red,Ash,Regular Unleaded V-6 3.5 L/211,Baierl Toyota
" $41,301",4T1HZ1FB0LU042801,LU042801,3548,Sedan,Blue,Graphite,Regular Unleaded V-6 3.5 L/211,Baierl Toyota
" $41,277",5TDGZRBH0LS022982,LS022982,6953,Sport Utility,Red,Black,Regular Unleaded V-6 3.5 L/211,Baierl Toyota
" $41,333",5TDGZRBH4LS507464,LS507464,6953,Sport Utility,White,Harvest Beige,Regular Unleaded V-6 3.5 L/211,Baierl Toyota
" $41,230",5TFCZ5AN8LX230777,LX230777,7545,TRD Off Road Double Cab 5' Bed V6 MT,Gray,Black/Gun Metal,Regular Unleaded V-6 3.5 L/211,Baierl Toyota
" $41,105",5TDDZ3DC3LS244319,LS244319,5376,Mini-Van,Red,Ash,Regular Unleaded V-6 3.5 L/211,Baierl Toyota
" $41,350",4T1HZ1FB0LU045326,LU045326,3548,Sedan,Silver,Black,Regular Unleaded V-6 3.5 L/211,Baierl Toyota
" $41,048",5TDGZRBH3LS018845,LS018845,6953,Sport Utility,Gold,Gray,Regular Unleaded V-6 3.5 L/211,Baierl Toyota
" $41,092",JTEBU5JR2L5777645,L5777645,8666,Sport Utility,Silver,Black/Graphite,Regular Unleaded V-6 4.0 L/241,Baierl Toyota
" $41,048",5TDGZRBH3LS017534,LS017534,6953,Sport Utility,Blue,Gray,Regular Unleaded V-6 3.5 L/211,Baierl Toyota
" $40,950",5TDYZ3DC7LS056145,LS056145,5349,Mini-Van,Red,Bisque,Regular Unleaded V-6 3.5 L/211,Baierl Toyota
" $41,007",5TDGZRBH7LS505420,LS505420,6953,Sport Utility,Black,Black,Regular Unleaded V-6 3.5 L/211,Baierl Toyota
" $40,826",JTEBU5JR4L5764749,L5764749,8666,Sport Utility,Gray,Black/Graphite,Regular Unleaded V-6 4.0 L/241,Baierl Toyota
" $40,826",JTEBU5JR0L5754722,L5754722,8666,Sport Utility,Blue,Sand Beige,Regular Unleaded V-6 4.0 L/241,Baierl Toyota
" $40,766",5TDDZ3DC3LS243672,LS243672,5376,Mini-Van,Gray,Ash,Regular Unleaded V-6 3.5 L/211,Baierl Toyota
" $42,352",5TDHZRBHXLS017888,LS017888,6953,Sport Utility,Gray,Black,Regular Unleaded V-6 3.5 L/211,Baierl Toyota
" $42,131",5TDHZRBH2LS500467,LS500467,6953,Sport Utility,Silver,Gray,Regular Unleaded V-6 3.5 L/211,Baierl Toyota
" $42,239",JTEBU5JRXL5778316,L5778316,8672,Sport Utility,Gray,Black/Graphite,Regular Unleaded V-6 4.0 L/241,Baierl Toyota
" $41,919",5TDHZRBH4LS502320,LS502320,6953,Sport Utility,Silver,Black,Regular Unleaded V-6 3.5 L/211,Baierl Toyota
" $42,128",5TDHZRBH9LS023438,LS023438,6953,Sport Utility,Black,Black,Regular Unleaded V-6 3.5 L/211,Baierl Toyota
" $41,368",4T1DZ1FB0LU044286,LU044286,3554,Sedan,White,Graphite,Regular Unleaded V-6 3.5 L/211,Baierl Toyota
" $42,246",4T1FZ1FB6LU043765,LU043765,3557,Sedan,White,Black/Red,Regular Unleaded V-6 3.5 L/211,Baierl Toyota
" $41,825",5TDHZRBH7LS024555,LS024555,6953,Sport Utility,Gray,Gray,Regular Unleaded V-6 3.5 L/211,Baierl Toyota
" $41,867",5TDHZRBH7LS011336,LS011336,6953,Sport Utility,Blue,Gray,Regular Unleaded V-6 3.5 L/211,Baierl Toyota
" $41,635",5TFUY5F14LX888125,LX888125,8341,Double Cab,Black,Graphite,Regular Unleaded V-8 5.7 L/346,Baierl Toyota
" $41,746",5TDGZRBH8LS013799,LS013799,6953,Sport Utility,Black,Gray,Regular Unleaded V-6 3.5 L/211,Baierl Toyota
" $41,392",5TFUY5F15LX929331,LX929331,8341,Double Cab,Black,Graphite,Regular Unleaded V-8 5.7 L/346,Baierl Toyota
" $41,867",5TDHZRBHXLS503102,LS503102,6953,Sport Utility,Black,Gray,Regular Unleaded V-6 3.5 L/211,Baierl Toyota
" $41,613",5TFUY5F16LX915776,LX915776,8341,Double Cab,White,Graphite,Regular Unleaded V-8 5.7 L/346,Baierl Toyota
" $41,426",5TDGZRBH7LS017097,LS017097,6953,Sport Utility,White,Gray,Regular Unleaded V-6 3.5 L/211,Baierl Toyota
" $43,919",3TMCZ5AN4LM336097,LM336097,7542,TRD Sport Double Cab 5' Bed V6 AT,Silver,Black/Gun Metal,Regular Unleaded V-6 3.5 L/211,Baierl Toyota
" $42,356",5TDHZRBH3LS500090,LS500090,6953,Sport Utility,White,Black,Regular Unleaded V-6 3.5 L/211,Baierl Toyota
" $43,515",5TFDY5F10LX929110,LX929110,8361,CrewMax,Black,Black,Regular Unleaded V-8 5.7 L/346,Baierl Toyota
" $43,598",3TMCZ5AN8LM332733,LM332733,7542,TRD Sport Double Cab 5' Bed V6 AT,Black,Black/Gun Metal,Regular Unleaded V-6 3.5 L/211,Baierl Toyota
" $43,091",5TDDZ3DC3LS241338,LS241338,5377,Mini-Van,Gray,Ash,Regular Unleaded V-6 3.5 L/211,Baierl Toyota
" $44,037",5TFDY5F10LX922383,LX922383,8361,CrewMax,White,Graphite,Regular Unleaded V-8 5.7 L/346,Baierl Toyota
" $43,340",3TMCZ5AN3LM336639,LM336639,7542,TRD Sport Double Cab 5' Bed V6 AT,Red,Black/Gun Metal,Regular Unleaded V-6 3.5 L/211,Baierl Toyota
" $42,815",JTEBU5JR4L5799470,L5799470,8672,Sport Utility,Black,Black/Graphite,Regular Unleaded V-6 4.0 L/241,Baierl Toyota
" $42,815",JTEBU5JR6L5804765,L5804765,8672,Sport Utility,White,Black/Graphite,Regular Unleaded V-6 4.0 L/241,Baierl Toyota
" $42,816",JTEBU5JR4L5798156,L5798156,8672,Sport Utility,Red,Black/Graphite,Regular Unleaded V-6 4.0 L/241,Baierl Toyota
" $42,816",JTEBU5JR2L5801569,L5801569,8672,Sport Utility,Gray,Black/Graphite,Regular Unleaded V-6 4.0 L/241,Baierl Toyota
" $43,090",5TDDZ3DC1LS240883,LS240883,5377,Mini-Van,Silver,Ash,Regular Unleaded V-6 3.5 L/211,Baierl Toyota
" $42,672",5TDHZRBH9LS506766,LS506766,6953,Sport Utility,Silver,Black,Regular Unleaded V-6 3.5 L/211,Baierl Toyota
" $42,562",3TMDZ5BN5LM091071,LM091071,7566,TRD Sport Double Cab 6' Bed V6 AT,Gray,Black/Gun Metal,Regular Unleaded V-6 3.5 L/211,Baierl Toyota
" $42,427",4T1D21FB2LU017031,LU017031,3514,Sedan,Blue,Graphite,Gas/Electric I-4 2.5 L/152,Baierl Toyota
" $46,668",5TFBY5F1XLX883616,LX883616,8352,Double Cab,Gray,Graphite,Regular Unleaded V-8 5.7 L/346,Baierl Toyota
" $46,903",5TFCZ5AN0LX221975,LX221975,7598,TRD Pro Double Cab 5' Bed V6 AT,White,BLACK/BLACK,Regular Unleaded V-6 3.5 L/211,Baierl Toyota
" $45,916",JTEBU5JR0L5801957,L5801957,8668,Sport Utility,Gray,Black/Graphite,Regular Unleaded V-6 4.0 L/241,Baierl Toyota
" $44,051",5TFDY5F19LX928733,LX928733,8361,CrewMax,Silver,Graphite,Regular Unleaded V-8 5.7 L/346,Baierl Toyota
" $45,796",5TDHBRCH1LS001484,LS001484,6965,Sport Utility,Gray,Black,Gas/Electric I-4 2.5 L/152,Baierl Toyota
" $46,986",5TFCZ5AN8LX215566,LX215566,7598,TRD Pro Double Cab 5' Bed V6 AT,White,BLACK/BLACK,Regular Unleaded V-6 3.5 L/211,Baierl Toyota
" $47,544",5TFBY5F11LX917281,LX917281,8352,Double Cab,White,Black,Regular Unleaded V-8 5.7 L/346,Baierl Toyota
" $45,659",5TDDZRBH5LS023712,LS023712,6956,Sport Utility,Black,Black,Regular Unleaded V-6 3.5 L/211,Baierl Toyota
" $45,170",5TDDZRBH8LS013465,LS013465,6956,Sport Utility,Gold,Gray,Regular Unleaded V-6 3.5 L/211,Baierl Toyota
" $45,483",JTEBU5JRXL5766327,L5766327,8668,Sport Utility,White,Black/Graphite,Regular Unleaded V-6 4.0 L/241,Baierl Toyota
" $45,324",JTEBU5JR6L5750867,L5750867,8667,Sport Utility,Silver,Black/Graphite,Regular Unleaded V-6 4.0 L/241,Baierl Toyota
" $44,166",5TFDY5F15LX929572,LX929572,8361,CrewMax,White,Graphite,Regular Unleaded V-8 5.7 L/346,Baierl Toyota
" $44,902",5TFUY5F17LX900056,LX900056,8341,Double Cab,Blue,Black,Regular Unleaded V-8 5.7 L/346,Baierl Toyota
" $44,055",JTEBU5JRXL5805613,L5805613,8667,Sport Utility,Black,Black/Graphite,Regular Unleaded V-6 4.0 L/241,Baierl Toyota
" $44,741",JTEBU5JR4L5800763,L5800763,8667,Sport Utility,Silver,Black/Graphite,Regular Unleaded V-6 4.0 L/241,Baierl Toyota
" $49,581",5TDXBRCH8LS001834,LS001834,6966,Sport Utility,White,Gray,Gas/Electric I-4 2.5 L/152,Baierl Toyota
" $67,224",5TDBY5G1XLS177721,LS177721,7928,Sport Utility,Green,Black,Regular Unleaded V-8 5.7 L/346,Baierl Toyota
" $51,670",5TFAY5F10LX892255,LX892255,8376,CrewMax,Black,Brown/Black,Regular Unleaded V-8 5.7 L/346,Baierl Toyota
" $54,125",5TFAY5F1XLX916982,LX916982,8376,CrewMax,Gray,Brown/Black,Regular Unleaded V-8 5.7 L/346,Baierl Toyota
" $47,626",JTEBU5JRXL5802419,L5802419,8669,Sport Utility,Black,Black/Graphite,Regular Unleaded V-6 4.0 L/241,Baierl Toyota
" $66,384",5TDDY5G17LS177961,LS177961,7933,Sport Utility,Silver,Redrock/Black,Regular Unleaded V-8 5.7 L/346,Baierl Toyota
" $51,680",JTEBU5JRXL5805899,L5805899,8674,Sport Utility,Black,Black/Graphite,Regular Unleaded V-6 4.0 L/241,Baierl Toyota
" $48,859",5TFHY5F15LX894534,LX894534,8372,CrewMax,Gray,Black,Regular Unleaded V-8 5.7 L/346,Baierl Toyota
" $48,668",5TDFZRBH0LS025733,LS025733,6957,Sport Utility,White,Black,Regular Unleaded V-6 3.5 L/211,Baierl Toyota
" $48,570",5TDDZ3DC4LS241946,LS241946,5387,Mini-Van,White,Ash,Regular Unleaded V-6 3.5 L/211,Baierl Toyota
" $48,859",5TFHY5F12LX897391,LX897391,8372,CrewMax,White,Black,Regular Unleaded V-8 5.7 L/346,Baierl Toyota
" $47,627",JTEBU5JR8L5800779,L5800779,8669,Sport Utility,Gray,Black/Graphite,Regular Unleaded V-6 4.0 L/241,Baierl Toyota
" $48,429",5TFHY5F15LX892220,LX892220,8372,CrewMax,White,Graphite,Regular Unleaded V-8 5.7 L/346,Baierl Toyota
